Locus,Motif,FlankFwd,FlankRev
366,TG,TATATCCCCTTTGTTCATGGAAGAGCTCCC,ATTTTAAGATTATATTTACTTACTTGAGAAAGA
377,CA,AAGGCAAAAATTAGCATACTTTCTCCAGTT,TTCCACTGGCCTAGCTCCTCTGCTCTACAACACAGACAT
403,,,
410,CA,AAGGCAAAAATTAGCATACTTTCTCCAGTT,CCCTGTCCCCAGTCCCCTTTCAGGTTAGATTAT
436,,,
442,CA,,
459,TG,,
466,TG,AAAAAAAATCAAGATGGAACAATGTATACA,GTCTGAAAACATCCTTATTCCAGAAAGTTTCCTTTTAGA
474,TG,TTT,TGGGTTTTATCTCAACCCAAAATATGGGGGGATTCAGAGTTC
622,TG,,
AHT_H171,TG,ACAGGGCCTGGCATGGAAGTGTGTTCAGGA,TATGGGTTCGC
AHT_H260,,,
c2096,TGAA,GAAA,TAGAACCTACTCTCAGTTTCCCTTT
c758,,
CPH12,CA,,
CPH14,TG,,
CPH16,TG,,
CPH17,TG,,
CPH2,TG,TCGGCAATAAGCATTATTCACAACA,TT
CPH3,TC,,
CPH4,CA,,
CPH5,CA,TACCTATACAGTTTTATCTTCCACCATGCT,GTCTTCCAAACC
CPH6,TG,TGACTGATGGCATTAAGGGTCAGGACTGTT,GAA
CPH7,CA,TCATAAACACAGAAATAATTCCCCAGAGGG,TGCACTATGTCCTCAGAGATTACCCTGAATATAAGAGTACAAACTGAC
CPH8,CA,,
CPH9,CA,,
FH2010,GAAT,,
FH2054,TCTA,,
FH2097,GAAA,,
FH2109,CATT,,
FH2130,,,
Ren37H09,TG,,
Ren49F22,CA,,
u109,CA,TATTAACTTTAATCTGTATACATAAGTTAA,
u123,CA,,
u140,TG,GTTGGTTGCAGTTTCTTTTCATACTGTTTC,CCTATAAACACAGTCTAAAGCCTATTTCC
u172,TG,TTGCAGATCGTTCTCATCACTACCTACA,CCTGGAAGGAAATAACTCAAGGTTTCAATGTTTCAATTGAACGGGTGAATTTATGAGTGTC
u173,TG,GTTCTTTCAAGTAAGCAGACTTAAAAT,CAATAAAA
u20,CA,,
u204,CA,GAACACAAACAGTAAAAACAGTGTGCTTAC,CCTGTGTGTT
u213,,,
u225,TG,CACTGTTTGGGGGTATTTGGGATGAATCAG,
u250,CA,,
u253,CA,,
u279,CA,,TACACAGTATAATTCCACTACTAGGAGTTTTCCAGAGTAATCAAATTCATAGA
VWF,AGGAAT,CTTCATCTCATCCCTACCATGTACCTAAAA,GTTGGGT
